"position.page","position.position","position.global_position","asin","price.discounted","price.current_price","price.currency","price.before_price","price.savings_amount","price.savings_percent","reviews.total_reviews","reviews.rating","url","score","sponsored","amazonChoice","bestSeller","amazonPrime","title","thumbnail"
1,1,1,"B08GCM2J6L",true,499,"INR",1499,1000,66.71,2623,3.8,"https://www.amazon.in/dp/B08GCM2J6L","9967.40",false,false,false,false,"Sponsored Ad - EIO Unisex Kids Cotton Pajama Pants Combo Pack","https://m.media-amazon.com/images/I/71jBnfGbXDL._AC_UL400_.jpg"
1,3,2,"B08JQ19DHW",true,648,"INR",649,1,0.15,13,3,"https://www.amazon.in/dp/B08JQ19DHW","39.00",false,false,false,true,"Sponsored Ad - A toddler thing - Organic Cotton Muslin Knot Type Jabla | White Jhabla | Assorted Pack of 5 | Size - 3-6 Mo...","https://m.media-amazon.com/images/I/51levfw8BSL._AC_UL400_.jpg"
1,4,3,"B0BDRJFNK7",true,599,"INR",999,400,40.04,17,3.7,"https://www.amazon.in/dp/B0BDRJFNK7","62.90",false,false,false,false,"Sponsored Ad - BALUDA ENTERPRISE SEMI LYCRA CLOTHS FOR BABY BOYS","https://m.media-amazon.com/images/I/61g0JcaQD8L._AC_UL400_.jpg"
1,5,4,"B0BGH1NQ5M",true,375,"INR",649,274,42.22,289,4.2,"https://www.amazon.in/dp/B0BGH1NQ5M","1213.80",false,false,false,false,"Real Basics unisex child fleece Track Suit","https://m.media-amazon.com/images/I/81iCPGSMhCL._AC_UL400_.jpg"
1,6,5,"B0B2JLHTZY",true,545,"INR",1400,855,61.07,458,3.9,"https://www.amazon.in/dp/B0B2JLHTZY","1786.20",false,false,false,true,"Googo Gaaga Boy's T-Shirt","https://m.media-amazon.com/images/I/514ftDnqfvL._AC_UL400_.jpg"
1,7,6,"B08HL2S2K3",true,793.78,"INR",1429,635.22,44.45,56,3.7,"https://www.amazon.in/dp/B08HL2S2K3","207.20",false,false,false,true,"Hopscotch Baby Boys Cotton and Spandex Pant set Red 12-18 Months (YAH-3133332)","https://m.media-amazon.com/images/I/51V9iqnDJ2L._AC_UL400_.jpg"
1,8,7,"B08JV67752",true,569,"INR",1999,1430,71.54,4302,3.9,"https://www.amazon.in/dp/B08JV67752","16777.80",false,false,true,true,"Bold N Elegant Cute Cartoon Print Half Sleeve T-shirt and Shorts Clothing Set for Infant Toddler Baby Boy Girl","https://m.media-amazon.com/images/I/512Fau61yGL._AC_UL400_.jpg"
2,1,8,"B08GCM2J6L",true,499,"INR",1499,1000,66.71,2623,3.8,"https://www.amazon.in/dp/B08GCM2J6L","9967.40",false,false,false,false,"Sponsored Ad - EIO Unisex Kids Cotton Pajama Pants Combo Pack","https://m.media-amazon.com/images/I/71jBnfGbXDL._AC_UL400_.jpg"
2,2,9,"B085ZNB3DQ",true,250,"INR",499,249,49.9,1408,3.8,"https://www.amazon.in/dp/B085ZNB3DQ","5350.40",false,false,false,false,"Sponsored Ad - VRITRAZ Unisex-baby Baseball Cap (Pack of 1)","https://m.media-amazon.com/images/I/71ycsX3UL-L._AC_UL400_.jpg"
2,3,10,"B0978WLM5F",true,509,"INR",1899,1390,73.2,60,4.3,"https://www.amazon.in/dp/B0978WLM5F","258.00",false,false,false,true,"Sponsored Ad - Kuchipoo Boys Sleeveless Cotton T-Shirt and Short Set - Combo of 2 (KUC-NSUT-105)","https://m.media-amazon.com/images/I/61xH1aELeES._AC_UL400_.jpg"
2,4,11,"B0BSQR79FD",true,799,"INR",1099,300,27.3,1,5,"https://www.amazon.in/dp/B0BSQR79FD","5.00",false,false,false,false,"Sponsored Ad - Little Baby Boys Wedding, Festive & Party Dress Casual Waistcoat and Pyjama Set(Maroon and White)","https://m.media-amazon.com/images/I/41UWRPJftfL._AC_UL400_.jpg"
2,5,12,"B09WYZW846",false,325,"INR",0,0,0,186,4.1,"https://www.amazon.in/dp/B09WYZW846","762.60",false,false,false,false,"ARIEL Cotton Clothing Sets for Baby Boys & girls - Unisex Clothing sets Full Sleeve T-shirt & Pant","https://m.media-amazon.com/images/I/81mA+HI6EFL._AC_UL400_.jpg"
2,6,13,"B0BRKTTQQS",false,529,"INR",0,0,0,34,3.1,"https://www.amazon.in/dp/B0BRKTTQQS","105.40",false,false,false,true,"HIKUJ 2pcs Baby Boy Dress Clothes Toddler Outfits Infant Tuxedo Formal Suits for Kids Long Sleeve Shirt + Pants Set","https://m.media-amazon.com/images/I/61Zy04j33KL._AC_UL400_.jpg"
3,1,16,"B08GCM2J6L",true,499,"INR",1499,1000,66.71,2623,3.8,"https://www.amazon.in/dp/B08GCM2J6L","9967.40",false,false,false,false,"Sponsored Ad - EIO Unisex Kids Cotton Pajama Pants Combo Pack","https://m.media-amazon.com/images/I/71jBnfGbXDL._AC_UL400_.jpg"
3,2,17,"B096DYL4CV",true,545,"INR",1400,855,61.07,458,3.9,"https://www.amazon.in/dp/B096DYL4CV","1786.20",false,false,false,true,"Sponsored Ad - Googo Gaaga Boy's T-Shirt","https://m.media-amazon.com/images/I/514ftDnqfvL._AC_UL400_.jpg"
3,3,18,"B096FWDWL9",true,545,"INR",1400,855,61.07,356,3.9,"https://www.amazon.in/dp/B096FWDWL9","1388.40",false,false,false,true,"Sponsored Ad - Googo Gaaga Boy's Cotton T-Shirt With Shorts","https://m.media-amazon.com/images/I/41UFWUHAMYS._AC_UL400_.jpg"
3,4,19,"B085ZNB3DQ",true,250,"INR",499,249,49.9,1408,3.8,"https://www.amazon.in/dp/B085ZNB3DQ","5350.40",false,false,false,false,"Sponsored Ad - VRITRAZ Unisex-baby Baseball Cap (Pack of 1)","https://m.media-amazon.com/images/I/71ycsX3UL-L._AC_UL400_.jpg"
3,5,20,"B09QZ2B88X",true,449,"INR",999,550,55.06,24,3.4,"https://www.amazon.in/dp/B09QZ2B88X","81.60",false,false,false,false,"GIRLS DESIGNER CLOTHING SET","https://m.media-amazon.com/images/I/613ECcdRE6L._AC_UL400_.jpg"
3,6,21,"B096QQLSPW",true,737,"INR",1189,452,38.02,758,4,"https://www.amazon.in/dp/B096QQLSPW","3032.00",false,false,false,true,"Hopscotch Boys Cotton Jogger Set","https://m.media-amazon.com/images/I/41n2umlOslL._AC_UL400_.jpg"
3,7,22,"B081WX369W",true,799,"INR",1400,601,42.93,672,3.9,"https://www.amazon.in/dp/B081WX369W","2620.80",false,false,false,true,"Googo Gaaga Boys Cotton Track Suit","https://m.media-amazon.com/images/I/31zTx4VIh8L._AC_UL400_.jpg"
3,8,23,"B08SKNF4Q6",true,559,"INR",1299,740,56.97,357,3.8,"https://www.amazon.in/dp/B08SKNF4Q6","1356.60",false,false,false,true,"Jimmy Jammy - Unisex Clothing Set for Baby Boy and Baby Girl 100% Cotton Tshirt and Short (Pack of 10 | 5 T-Shirts & 5Shor...","https://m.media-amazon.com/images/I/61Aj4tTG9jL._AC_UL400_.jpg"
1,9,24,"B0B7SFTW98",true,729,"INR",1999,1270,63.53,33,3.8,"https://www.amazon.in/dp/B0B7SFTW98","125.40",false,false,false,true,"Bold N Elegant Funky Cartoon Print Kid's T-Shirt with Dungaree Shorts & Bow Little Man Party Clothes Dress for Boys","https://m.media-amazon.com/images/I/61xsTv2S3wL._AC_UL400_.jpg"
1,10,25,"B07SS9HPJ8",true,467,"INR",1199,732,61.05,8366,4.3,"https://www.amazon.in/dp/B07SS9HPJ8","35973.80",false,false,false,false,"Kuchipoo Unisex Regular;Relaxed Pyjama Pants pack of 5","https://m.media-amazon.com/images/I/71HtxgL0qRL._AC_UL400_.jpg"
1,11,26,"B09TTQVX6Y",true,229,"INR",529,300,56.71,175,4.1,"https://www.amazon.in/dp/B09TTQVX6Y","717.50",false,false,false,false,"superbottoms Top & Shorts set | Tshirt with shorts | Evrydaywear™| Boys clothes | Girls clothes | Unisex | Cotton set comb...","https://m.media-amazon.com/images/I/5137yQb03RL._AC_UL400_.jpg"
1,12,27,"B09JM4JF1V",true,599,"INR",1499,900,60.04,2618,3.8,"https://www.amazon.in/dp/B09JM4JF1V","9948.40",false,false,false,false,"EIO Unisex Kids Cotton Pajama Pants Combo Pack","https://m.media-amazon.com/images/I/51i9ProxZyL._AC_UL400_.jpg"
1,13,28,"B0BVG2YFKP",true,299,"INR",999,700,70.07,15,3.6,"https://www.amazon.in/dp/B0BVG2YFKP","54.00",false,false,false,false,"SARGO 7 Boys & Girls Kids Clothing Set Pack Of 1,Boys & Girls Top & Bottom Set,Baby Boys Tshirs & Shorts Set, Boy's ke kap...","https://m.media-amazon.com/images/I/315O+IPZfWL._AC_UL400_.jpg"
1,14,29,"B0B2NXQDMS",true,659,"INR",1999,1340,67.03,215,3.6,"https://www.amazon.in/dp/B0B2NXQDMS","774.00",false,false,false,true,"Bold N Elegant - Be Bold Inside & Elegant Outside Baby Boy's Cotton Shirt And Shorts","https://m.media-amazon.com/images/I/41+mLiKZYNL._AC_UL400_.jpg"
1,15,30,"B08CBWGBPV",false,288,"INR",0,0,0,23,4.1,"https://www.amazon.in/dp/B08CBWGBPV","94.30",false,false,false,true,"TENDERCARE Baby Girl's & Baby Boy's Knee Length Dungaree","https://m.media-amazon.com/images/I/81Cv0gFVF3L._AC_UL400_.jpg"
1,16,31,"B0BLP7NNVF",true,699,"INR",1999,1300,65.03,11,3.4,"https://www.amazon.in/dp/B0BLP7NNVF","37.40",false,false,false,true,"Bold N Elegant Cartoon Panda Bear Print Boys Cotton Linen Blend Shirt and Denim Shorts Set Little Baby Boy Clothing Party ...","https://m.media-amazon.com/images/I/51iJlbCW6cL._AC_UL400_.jpg"
1,17,32,"B07YL3879B",true,545,"INR",1400,855,61.07,287,3.6,"https://www.amazon.in/dp/B07YL3879B","1033.20",false,false,false,true,"Googo Gaaga Boy's Cotton Printed T-Shirt with Denim Shorts Set in Red Color","https://m.media-amazon.com/images/I/51z0B0H2wLL._AC_UL400_.jpg"
1,18,33,"B0BSTYWYGR",true,699,"INR",1899,1200,63.19,22,4.4,"https://www.amazon.in/dp/B0BSTYWYGR","96.80",false,false,false,true,"Kuchipoo Regular Fit Baby Boys and Baby Girls Pyjamas - Pack of 5 (© DISNEY-PAJ-131)","https://m.media-amazon.com/images/I/719uJn6CREL._AC_UL400_.jpg"
1,19,34,"B08DM7H3WB",true,299,"INR",599,300,50.08,565,4.1,"https://www.amazon.in/dp/B08DM7H3WB","2316.50",false,true,false,true,"Tendercare Baby Boy's & Baby Girl's Jumbo The Elephant Dungaree For 0-6Months Baby || Dress Clothes For Baby Boy And Baby ...","https://m.media-amazon.com/images/I/91+do9PUlSL._AC_UL400_.jpg"
1,20,35,"B094VTBR5F",true,659,"INR",2499,1840,73.63,4993,4.2,"https://www.amazon.in/dp/B094VTBR5F","20970.60",false,false,true,true,"Bold N Elegant - Be Bold Inside & Elegant Outside Baby's Cotton Tshirt Pant Set","https://m.media-amazon.com/images/I/51nUfiMuCLL._AC_UL400_.jpg"
1,21,36,"B085ZNB3DQ",true,250,"INR",499,249,49.9,1408,3.8,"https://www.amazon.in/dp/B085ZNB3DQ","5350.40",false,false,false,false,"Sponsored Ad - VRITRAZ Unisex-baby Baseball Cap (Pack of 1)","https://m.media-amazon.com/images/I/71ycsX3UL-L._AC_UL400_.jpg"
1,22,37,"B08KT27B5C",false,468,"INR",0,0,0,753,4.3,"https://www.amazon.in/dp/B08KT27B5C","3237.90",false,false,false,false,"Sponsored Ad - Dowin Unisex- Baby Cotton Solid Pajama Bottom (Pack of 6)","https://m.media-amazon.com/images/I/91OKMFNmE5L._AC_UL400_.jpg"
1,23,38,"B0978WLM5F",true,509,"INR",1899,1390,73.2,60,4.3,"https://www.amazon.in/dp/B0978WLM5F","258.00",false,false,false,true,"Sponsored Ad - Kuchipoo Boys Sleeveless Cotton T-Shirt and Short Set - Combo of 2 (KUC-NSUT-105)","https://m.media-amazon.com/images/I/61xH1aELeES._AC_UL400_.jpg"
1,24,39,"B0BSQR79FD",true,799,"INR",1099,300,27.3,1,5,"https://www.amazon.in/dp/B0BSQR79FD","5.00",false,false,false,false,"Sponsored Ad - Little Baby Boys Wedding, Festive & Party Dress Casual Waistcoat and Pyjama Set(Maroon and White)","https://m.media-amazon.com/images/I/41UWRPJftfL._AC_UL400_.jpg"
1,25,40,"B08V1N5V7G",true,355,"INR",899,544,60.51,908,3.9,"https://www.amazon.in/dp/B08V1N5V7G","3541.20",false,false,false,true,"Piku Store Kids Full Sleeves T-Shirt & Lower Set","https://m.media-amazon.com/images/I/71HG6pVJ3xL._AC_UL400_.jpg"
1,26,41,"B09B66MKWM",true,729,"INR",1999,1270,63.53,19,3.4,"https://www.amazon.in/dp/B09B66MKWM","64.60",false,false,false,true,"Bold N Elegant Funky Cartoon Print Kid's T-Shirt with Dungaree Shorts & Bow Little Man Party Clothes Dress for Boys","https://m.media-amazon.com/images/I/41E-IhQoUZL._AC_UL400_.jpg"
1,27,42,"B0BV318SH3",true,284,"INR",699,415,59.37,21,4.1,"https://www.amazon.in/dp/B0BV318SH3","86.10",false,false,false,false,"ARIEL Baby Boys & Baby girls Cotton Printed Round Neck Half Sleeve T-shirt & Short Latest Summer Clothing Sets","https://m.media-amazon.com/images/I/81xt5yh6nTL._AC_UL400_.jpg"
1,29,44,"B0BVG8Z92B",true,599,"INR",1999,1400,70.04,2938,3.7,"https://www.amazon.in/dp/B0BVG8Z92B","10870.60",false,false,false,true,"Bold N Elegant Cool Printed Bear Cartoon Printed Little Boy Girl Baby Clothing Set Highwaist Stripe Pyjama Tshirt Pant Set...","https://m.media-amazon.com/images/I/51GIua4t-PL._AC_UL400_.jpg"
1,30,45,"B0BRTBQ59T",true,599,"INR",1999,1400,70.04,5,4,"https://www.amazon.in/dp/B0BRTBQ59T","20.00",false,false,false,true,"Bold N Elegant Disney Mickey Mouse Cartoon Print Kid's Sweatshirt T-shirt Jogger Coordinated Clothing Set for Infant Toddl...","https://m.media-amazon.com/images/I/51URo3UEyhL._AC_UL400_.jpg"
1,31,46,"B09H34KYW5",true,599,"INR",1499,900,60.04,3012,3.8,"https://www.amazon.in/dp/B09H34KYW5","11445.60",false,false,false,false,"EIO Boys and Girls Cotton Pajama Pants","https://m.media-amazon.com/images/I/71DUqZSdC0S._AC_UL400_.jpg"
1,32,47,"B0B34VKJWB",true,559,"INR",1999,1440,72.04,2990,3.7,"https://www.amazon.in/dp/B0B34VKJWB","11063.00",false,false,false,true,"Bold N Elegant - Be Bold Inside & Elegant Outside Baby Boy's Cotton Tshirt Pant Set","https://m.media-amazon.com/images/I/51+pCYqU4iL._AC_UL400_.jpg"
1,33,48,"B097789WXT",true,569,"INR",2499,1930,77.23,44,4,"https://www.amazon.in/dp/B097789WXT","176.00",false,false,false,true,"Wish Karo Cotton Clothing Sets For Baby Boys-(bt76nw)","https://m.media-amazon.com/images/I/51F-lv2DsLS._AC_UL400_.jpg"
1,34,49,"B096F7XLFY",true,499,"INR",1400,901,64.36,105,3.7,"https://www.amazon.in/dp/B096F7XLFY","388.50",false,false,false,true,"Googogaaga Boy's Cotton Printed T-Shirt with Shorts in Red Color","https://m.media-amazon.com/images/I/51nP0jmR3HL._AC_UL400_.jpg"
1,35,50,"B0742NBY16",false,12277,"INR",0,0,0,16651,4.6,"https://www.amazon.in/dp/B0742NBY16","76594.60",false,false,false,false,"Lazy One Women's Leggings and Tees, Pajama Separates, Cozy Loungewear for Women","https://m.media-amazon.com/images/I/61ElZzoBO7S._AC_UL400_.jpg"
1,36,51,"B08GCZ1L69",true,539,"INR",799,260,32.54,5,3.2,"https://www.amazon.in/dp/B08GCZ1L69","16.00",false,false,false,true,"Hopscotch Boys Pink Animal Print T-Shirt and Shorts Set for 110/70 (3-4 Yrs) (YYZ-3121497)","https://m.media-amazon.com/images/I/51dNC0JcOIL._AC_UL400_.jpg"
1,37,52,"B08FRLQW1B",true,767,"INR",1299,532,40.95,402,3.8,"https://www.amazon.in/dp/B08FRLQW1B","1527.60",false,false,false,true,"Hopscotch Boys Formal Set","https://m.media-amazon.com/images/I/61beW6VlfrL._AC_UL400_.jpg"
1,40,55,"B08JTVJBGP",true,588,"INR",1599,1011,63.23,1,5,"https://www.amazon.in/dp/B08JTVJBGP","5.00",false,false,false,true,"A.T.U.N Girls Red Hippo- Grey Melange Ruffle Nighsuit","https://m.media-amazon.com/images/I/71PKZ0OsFQL._AC_UL400_.jpg"
1,41,56,"B0BPC28V9P",true,599,"INR",1999,1400,70.04,2,4.5,"https://www.amazon.in/dp/B0BPC28V9P","9.00",false,false,false,true,"Bold N Elegant Kids Cartoon Stripe Print Cotton Half Sleeve T-shirt and Shorts Clothing Set for Infant Toddler Baby Boy Girl","https://m.media-amazon.com/images/I/411oOEyK6sL._AC_UL400_.jpg"
1,42,57,"B09RMTJVR1",true,549,"INR",1499,950,63.38,25,3.6,"https://www.amazon.in/dp/B09RMTJVR1","90.00",false,false,false,true,"Bold N Elegant Half Sleeve Cute Funny Jungle Animal Cartoon Dinosaur Print Cotton Tshirt and Plaid Shorts Set for Infant T...","https://m.media-amazon.com/images/I/51-IAP45SyL._AC_UL400_.jpg"
1,43,58,"B07KWP6YJZ",true,899,"INR",2089,1190,56.97,3314,4,"https://www.amazon.in/dp/B07KWP6YJZ","13256.00",false,false,false,true,"Sponsored Ad - Hopscotch Boys Cotton All-Over Print T-Shirt with Jacket & Pant Set in Green Color","https://m.media-amazon.com/images/I/61eU-2gSbgL._AC_UL400_.jpg"
1,44,59,"B09B5LPQSQ",true,667,"INR",1049,382,36.42,11,3.2,"https://www.amazon.in/dp/B09B5LPQSQ","35.20",false,false,false,true,"Hopscotch Boys Formal Set","https://m.media-amazon.com/images/I/51bKXzSo+uL._AC_UL400_.jpg"
1,45,60,"B07D8Z3K7L",false,2414,"INR",0,0,0,4,5,"https://www.amazon.in/dp/B07D8Z3K7L","20.00",false,false,false,false,"Hudson baby Baby Boys' Multi Piece Clothing Set","https://m.media-amazon.com/images/I/81zDoYNwYNL._AC_UL400_.jpg"
1,46,61,"B0BTC7WHV8",true,739,"INR",1999,1260,63.03,19,3,"https://www.amazon.in/dp/B0BTC7WHV8","57.00",false,false,false,true,"Bold N Elegant Cute 3D Bear Cute Cartoon Half Sleeve Kid's T-Shirt with Denim Dungaree Bibshorts for Baby Boy & Girl","https://m.media-amazon.com/images/I/51ymMFHaHML._AC_UL400_.jpg"
1,47,62,"B09WKB1HFX",true,438,"INR",1058,620,58.6,1,4,"https://www.amazon.in/dp/B09WKB1HFX","4.00",false,false,false,false,"superbottoms Top & Shorts Set|Evrydaywear|Bundle Pack|Value pack|Sets for Kids|Clothing sets|Baby clothes|Boy clothes|Girl...","https://m.media-amazon.com/images/I/61LXnV+WW9L._AC_UL400_.jpg"
1,48,63,"B07Z679F7T",true,849,"INR",1999,1150,57.53,13368,4,"https://www.amazon.in/dp/B07Z679F7T","53472.00",false,false,false,true,"NammaBaby Cotton Pajama Pants with All Over Print for Boys and Girls (Multicolor Designs)(Regular Fit)(Pack of 5)","https://m.media-amazon.com/images/I/61PRmZPH96L._AC_UL400_.jpg"
1,49,64,"B09VDNCS75",true,545,"INR",1400,855,61.07,268,3.8,"https://www.amazon.in/dp/B09VDNCS75","1018.40",false,false,false,true,"Googogaaga Boy's Cotton Pocket Detailed T-Shirt With Shorts in White Color","https://m.media-amazon.com/images/I/51KKESbET1L._AC_UL400_.jpg"
1,52,67,"B0BMXCJTX7",true,759,"INR",1999,1240,62.03,27,3,"https://www.amazon.in/dp/B0BMXCJTX7","81.00",false,false,false,true,"Bold N Elegant Stripe Print Happy Face Half Sleeve Kid's T-Shirt with Denim Dungaree Bibshorts for Baby Boy & Girl","https://m.media-amazon.com/images/I/51Vi1AttvXL._AC_UL400_.jpg"
1,53,68,"B0B8VLZM6X",true,499,"INR",1499,1000,66.71,228,3.9,"https://www.amazon.in/dp/B0B8VLZM6X","889.20",false,false,false,true,"BABY GO Full Sleeves Degigner Dungaree for Baby Boys & Baby Girls","https://m.media-amazon.com/images/I/71xs-jvoBtL._AC_UL400_.jpg"
1,54,69,"B096DYMMFM",true,545,"INR",1400,855,61.07,458,3.9,"https://www.amazon.in/dp/B096DYMMFM","1786.20",false,false,false,true,"Googo Gaaga Boy's T-Shirt","https://m.media-amazon.com/images/I/514ftDnqfvL._AC_UL400_.jpg"
1,57,72,"B07C97884R",true,556,"INR",2999,2443,81.46,27056,4,"https://www.amazon.in/dp/B07C97884R","108224.00",false,false,true,true,"Sponsored Ad - minicult Cotton Pajama Pants with All Over Print for Boys and Girls (Multicolor Designs)(Regular Fit)(Pack ...","https://m.media-amazon.com/images/I/71G6UQ0ZUeL._AC_UL400_.jpg"
1,58,73,"B07J9WGZPX",true,949,"INR",2999,2050,68.36,963,4,"https://www.amazon.in/dp/B07J9WGZPX","3852.00",false,false,false,true,"Sponsored Ad - AJ DEZINES® Kids Festive Sherwani for Boys","https://m.media-amazon.com/images/I/81E0ILKV4kL._AC_UL400_.jpg"
1,59,74,"B0BGDSFRSH",true,499,"INR",1299,800,61.59,18,4.3,"https://www.amazon.in/dp/B0BGDSFRSH","77.40",false,false,false,true,"Sponsored Ad - SATPURUSH Boys Cotton Blazer Style Formal Shirt and Pant Set with Bow Tie (pack of 1)","https://m.media-amazon.com/images/I/41gqwV2g5KL._AC_UL400_.jpg"
1,60,75,"B0BGGZ3TJ3",true,399,"INR",749,350,46.73,92,4.3,"https://www.amazon.in/dp/B0BGGZ3TJ3","395.60",false,false,false,false,"Sponsored Ad - Real Basics Cotton Clothing Sets for Boys & girls - Unisex Clothing sets Full Sleeve T-shirt Pant & Cap","https://m.media-amazon.com/images/I/71x41aAMf9L._AC_UL400_.jpg"
2,9,76,"B08V1N5V7G",true,355,"INR",899,544,60.51,908,3.9,"https://www.amazon.in/dp/B08V1N5V7G","3541.20",false,false,false,true,"Piku Store Kids Full Sleeves T-Shirt & Lower Set","https://m.media-amazon.com/images/I/71HG6pVJ3xL._AC_UL400_.jpg"
2,10,77,"B09WZ2451D",false,325,"INR",0,0,0,173,4,"https://www.amazon.in/dp/B09WZ2451D","692.00",false,false,false,false,"ARIEL Cotton Clothing Sets for Baby Boys & girls - Unisex Clothing sets Full Sleeve T-shirt & Pant","https://m.media-amazon.com/images/I/81mA+HI6EFL._AC_UL400_.jpg"
2,11,78,"B07QTG1QRJ",true,559,"INR",1999,1440,72.04,2938,3.7,"https://www.amazon.in/dp/B07QTG1QRJ","10870.60",false,false,false,true,"Bold N Elegant Cool Printed Bear Cartoon Printed Little Boy Girl Baby Clothing Set Highwaist Stripe Pyjama Tshirt Pant Set...","https://m.media-amazon.com/images/I/51+pCYqU4iL._AC_UL400_.jpg"
2,12,79,"B09752HJNP",true,660,"INR",1199,539,44.95,35,3.1,"https://www.amazon.in/dp/B09752HJNP","108.50",false,false,false,true,"Hopscotch Girls Short Set","https://m.media-amazon.com/images/I/513NrbkBsuL._AC_UL400_.jpg"
2,14,81,"B07P7QM8SF",true,609,"INR",1149,540,47,519,3.6,"https://www.amazon.in/dp/B07P7QM8SF","1868.40",false,false,false,true,"Hopscotch Girls Polyester Floral Print Blouse and Shorts Set in Yellow Color","https://m.media-amazon.com/images/I/61GaZMwXLIL._AC_UL400_.jpg"
2,15,82,"B097789WXT",true,569,"INR",2499,1930,77.23,44,4,"https://www.amazon.in/dp/B097789WXT","176.00",false,false,false,true,"Wish Karo Cotton Clothing Sets For Baby Boys-(bt76nw)","https://m.media-amazon.com/images/I/51F-lv2DsLS._AC_UL400_.jpg"
2,16,83,"B09MLMSV8B",false,350,"INR",0,0,0,20,3.6,"https://www.amazon.in/dp/B09MLMSV8B","72.00",false,false,false,false,"Fareto Baby's Cotton Blend, Cotton T-Shirt and Pants Set","https://m.media-amazon.com/images/I/71qqg8WgerL._AC_UL400_.jpg"
2,17,84,"B09MFRD6QW",true,1599,"INR",2999,1400,46.68,46,4.1,"https://www.amazon.in/dp/B09MFRD6QW","188.60",false,false,false,true,"Bold N Elegant 3D Fur Reindeer Cartoon Thick Winter Warm T-shirt Pant with Hood Jacket 3 Pc Clothing Set for Infant Toddle...","https://m.media-amazon.com/images/I/41LEvbV2aRL._AC_UL400_.jpg"
2,18,85,"B0BTMHYCCN",true,1653,"INR",1929,276,14.31,1,4,"https://www.amazon.in/dp/B0BTMHYCCN","4.00",false,false,false,true,"Hopscotch Boys Formal Set","https://m.media-amazon.com/images/I/614gLIRrffL._AC_UL400_.jpg"
2,19,86,"B01N128OAO",true,475,"INR",599,124,20.7,1215,4,"https://www.amazon.in/dp/B01N128OAO","4860.00",false,false,false,false,"Babyblossom Baby Kid's Cotton Combo Pack Of 3 Clothing Set ( 3 Top And 3 Bottom) (1112,Multicolor,0-3 Months)","https://m.media-amazon.com/images/I/81RUjX3vx6L._AC_UL400_.jpg"
2,20,87,"B08HL1K1T6",true,769,"INR",1429,660,46.19,311,3.9,"https://www.amazon.in/dp/B08HL1K1T6","1212.90",false,false,false,true,"Hopscotch Boys Cotton and Spandex Pant set","https://m.media-amazon.com/images/I/512H2YhjgDL._AC_UL400_.jpg"
2,22,88,"B07C97884R",true,556,"INR",2999,2443,81.46,27056,4,"https://www.amazon.in/dp/B07C97884R","108224.00",false,false,true,true,"Sponsored Ad - minicult Cotton Pajama Pants with All Over Print for Boys and Girls (Multicolor Designs)(Regular Fit)(Pack ...","https://m.media-amazon.com/images/I/71G6UQ0ZUeL._AC_UL400_.jpg"
2,23,89,"B07J9WGZPX",true,949,"INR",2999,2050,68.36,963,4,"https://www.amazon.in/dp/B07J9WGZPX","3852.00",false,false,false,true,"Sponsored Ad - AJ DEZINES® Kids Festive Sherwani for Boys","https://m.media-amazon.com/images/I/81E0ILKV4kL._AC_UL400_.jpg"
2,24,90,"B085TJHN29",true,499,"INR",799,300,37.55,90,3.9,"https://www.amazon.in/dp/B085TJHN29","351.00",false,false,false,false,"Sponsored Ad - Kids Printed Clothing Sets (Pack of 6)","https://m.media-amazon.com/images/I/61WQtnISb6L._AC_UL400_.jpg"
2,25,91,"B09G6YW9B1",true,1251,"INR",2275,1024,45.01,1,5,"https://www.amazon.in/dp/B09G6YW9B1","5.00",false,false,false,true,"Cutecumber Girls Silk Embellished Green Ethnic Set with Potli Bag. CC5225AB-GREEN","https://m.media-amazon.com/images/I/61lY8fKXpkL._AC_UL400_.jpg"
2,26,92,"B076GX92TN",true,699,"INR",1999,1300,65.03,13368,4,"https://www.amazon.in/dp/B076GX92TN","53472.00",false,false,false,true,"NammaBaby Cotton Pajama Pants with All Over Print for Boys and Girls (Multicolor Designs)(Regular Fit)(Pack of 5)","https://m.media-amazon.com/images/I/61PRmZPH96L._AC_UL400_.jpg"
2,27,93,"B0BRKXTFPR",true,529,"INR",999,470,47.05,34,3.1,"https://www.amazon.in/dp/B0BRKXTFPR","105.40",false,false,false,true,"HIKUJ 2pcs Baby Boy Dress Clothes Toddler Outfits Infant Tuxedo Formal Suits for Kids Long Sleeve Shirt + Pants Set","https://m.media-amazon.com/images/I/61Zy04j33KL._AC_UL400_.jpg"
2,28,94,"B0B4PP4RWB",true,459,"INR",1199,740,61.72,6,3.7,"https://www.amazon.in/dp/B0B4PP4RWB","22.20",false,false,false,false,"Bold N Elegant Little Astronaut Rocket Space Fun Kids Sleeveless T-shirt & Shorts Summer Clothing Set for Little Boys & Girls","https://m.media-amazon.com/images/I/51DzJjth00L._AC_UL400_.jpg"
2,30,96,"B096DYL4CV",true,545,"INR",1400,855,61.07,458,3.9,"https://www.amazon.in/dp/B096DYL4CV","1786.20",false,false,false,true,"Sponsored Ad - Googo Gaaga Boy's T-Shirt","https://m.media-amazon.com/images/I/514ftDnqfvL._AC_UL400_.jpg"
2,33,98,"B07G36ZWDV",true,659,"INR",1479,820,55.44,9365,4.1,"https://www.amazon.in/dp/B07G36ZWDV","38396.50",false,false,false,true,"Hopscotch Boys Cotton and Spandex Formal Set","https://m.media-amazon.com/images/I/511wuGpCVjL._AC_UL400_.jpg"
2,34,99,"B07VV4HCVJ",true,498,"INR",1399,901,64.4,983,4,"https://www.amazon.in/dp/B07VV4HCVJ","3932.00",false,false,false,true,"babeezworld Dungaree for Boys & Girls Casual Printed Pure Cotton-Pack of 2 (Multicolour)","https://m.media-amazon.com/images/I/71jhAyIssVL._AC_UL400_.jpg"
2,35,100,"B09N7RW72W",true,799,"INR",1400,601,42.93,234,3.9,"https://www.amazon.in/dp/B09N7RW72W","912.60",false,false,false,true,"GOOGO GAAGA Baby Boy Cotton Track Suit","https://m.media-amazon.com/images/I/51bLq6SVCqL._AC_UL400_.jpg"
2,36,101,"B096DYH6XJ",true,545,"INR",1400,855,61.07,458,3.9,"https://www.amazon.in/dp/B096DYH6XJ","1786.20",false,false,false,true,"Googo Gaaga Boy's T-Shirt","https://m.media-amazon.com/images/I/514ftDnqfvL._AC_UL400_.jpg"
2,38,103,"B08JCQWPKH",true,254,"INR",659,405,61.46,286,4.1,"https://www.amazon.in/dp/B08JCQWPKH","1172.60",false,false,false,false,"TOONYPORT Cotton Baby Boy Kidswear Half Sleeve Top Bottom Clothing Set","https://m.media-amazon.com/images/I/81l+BI+L5hL._AC_UL400_.jpg"
2,39,104,"B097RSS6NL",true,540,"INR",1009,469,46.48,142,3.7,"https://www.amazon.in/dp/B097RSS6NL","525.40",false,false,false,true,"Hopscotch Boys Cotton Stripes Bear Print Half Sleeves T-Shirt and Pant Set in Navy Color","https://m.media-amazon.com/images/I/51YB2gfh9sL._AC_UL400_.jpg"
2,40,105,"B0B8NVF8JC",true,599,"INR",1450,851,58.69,13,3.3,"https://www.amazon.in/dp/B0B8NVF8JC","42.90",false,false,false,false,"Children Kids Outfits Clothes Girls Teen Letter T Shirt Tops + Ruffle pleated palazzo Sets for 6-16 Years Old","https://m.media-amazon.com/images/I/51zTOYPF4OL._AC_UL400_.jpg"
2,41,106,"B0C3MFTPDQ",true,199,"INR",309,110,35.6,11,4.5,"https://www.amazon.in/dp/B0C3MFTPDQ","49.50",false,false,false,false,"LuvLap Half Sleeve Boys T-Shirt & Shorts Sets","https://m.media-amazon.com/images/I/61XgH+86KYL._AC_UL400_.jpg"
2,44,109,"B0BW98G3B2",true,399,"INR",699,300,42.92,1,5,"https://www.amazon.in/dp/B0BW98G3B2","5.00",false,false,false,false,"Jaganath Creations Printed Half Sleeve Dress for Baby Boy | Hosiery Cotton T-Shirt and Short Set","https://m.media-amazon.com/images/I/51OKN9r6qRL._AC_UL400_.jpg"
2,45,110,"B07TQ3FR21",false,1249,"INR",0,0,0,115,3.9,"https://www.amazon.in/dp/B07TQ3FR21","448.50",false,false,false,false,"NammaBaby New Born Baby Combo Set Cotton Front Open Full Sleeves Vest- Tshirt Jhabla (6PC) and Unisex Kid's Pajama with Bo...","https://m.media-amazon.com/images/I/61UVZ1ZmKjL._AC_UL400_.jpg"
2,46,111,"B0BDZ2FX3T",true,649,"INR",1999,1350,67.53,43,4.1,"https://www.amazon.in/dp/B0BDZ2FX3T","176.30",false,false,false,true,"Bold N Elegant Floral Embroidered Cotton Sleeveless Ruffle Top and Shorts Clothing Set for Infant Toddler Baby Girl","https://m.media-amazon.com/images/I/31HTZN9kR4L._AC_UL400_.jpg"
2,47,112,"B08WKC8SDF",true,594,"INR",1199,605,50.46,8367,4.3,"https://www.amazon.in/dp/B08WKC8SDF","35978.10",false,false,false,true,"Kuchipoo Unisex Regular;Relaxed Pyjama Pants pack of 5","https://m.media-amazon.com/images/I/71HtxgL0qRL._AC_UL400_.jpg"
2,48,113,"B081YXGLDJ",true,389,"INR",1999,1610,80.54,223,3.6,"https://www.amazon.in/dp/B081YXGLDJ","802.80",false,false,false,false,"DHRUVI TRENDZ Designer Slub Cotton Fully Stitched Anarklai Kurti for Women & Girls on Jeans Palazzo or Skirt (Plus Size Up...","https://m.media-amazon.com/images/I/71qWM4H3dQL._AC_UL400_.jpg"
2,49,114,"B081WX369W",true,799,"INR",1400,601,42.93,672,3.9,"https://www.amazon.in/dp/B081WX369W","2620.80",false,false,false,true,"Googo Gaaga Boys Cotton Track Suit","https://m.media-amazon.com/images/I/31zTx4VIh8L._AC_UL400_.jpg"
2,50,115,"B09WKCG2GS",true,438,"INR",1058,620,58.6,2,4.5,"https://www.amazon.in/dp/B09WKCG2GS","9.00",false,false,false,false,"superbottoms Top & Shorts Set|Evrydaywear|Bundle Pack|Value pack|Sets for Kids|Clothing sets|Baby clothes|Boy clothes|Girl...","https://m.media-amazon.com/images/I/61LXnV+WW9L._AC_UL400_.jpg"
2,51,116,"B07LBKN36K",true,599,"INR",1259,660,52.42,1289,3.7,"https://www.amazon.in/dp/B07LBKN36K","4769.30",false,false,false,true,"Hopscotch Kid's Cotton Graphic Print Pajama Set Pack Of 1","https://m.media-amazon.com/images/I/61mUsshjlBL._AC_UL400_.jpg"
2,52,117,"B0BGRZW18V",true,899,"INR",2499,1600,64.03,19,3.8,"https://www.amazon.in/dp/B0BGRZW18V","72.20",false,false,false,true,"Bold N Elegant Plaid Check Happy Smiley Face Print T-shirt with Jacket & Pants 3 piece Winter Clothing Set for Infant Todd...","https://m.media-amazon.com/images/I/51EM4X0cYuL._AC_UL400_.jpg"
2,54,119,"B0BYDML21P",true,559,"INR",1999,1440,72.04,98,3.9,"https://www.amazon.in/dp/B0BYDML21P","382.20",false,false,false,true,"Bold N Elegant Full Sleeve Cotton Fun Cute Cartoon Jungle Animal Tshirt & Pajama PJ Pant Clothing Set for Infant Toddler B...","https://m.media-amazon.com/images/I/51Nma4M8rLL._AC_UL400_.jpg"
2,55,120,"B07J1QNQ45",true,669,"INR",1329,660,49.66,1974,4.1,"https://www.amazon.in/dp/B07J1QNQ45","8093.40",false,false,false,true,"Hopscotch Girls Skirt Set","https://m.media-amazon.com/images/I/51ZEbToMXmL._AC_UL400_.jpg"
2,56,121,"B09MFQCVR7",true,1399,"INR",2999,1600,53.35,47,4,"https://www.amazon.in/dp/B09MFQCVR7","188.00",false,false,false,true,"Bold N Elegant 3D Fur Reindeer Cartoon Thick Winter Warm T-shirt Pant with Hood Jacket 3 Pc Clothing Set for Infant Toddle...","https://m.media-amazon.com/images/I/413P40eAADL._AC_UL400_.jpg"
2,57,122,"B0BGGZ3TJ3",true,399,"INR",749,350,46.73,92,4.3,"https://www.amazon.in/dp/B0BGGZ3TJ3","395.60",false,false,false,false,"Sponsored Ad - Real Basics Cotton Clothing Sets for Boys & girls - Unisex Clothing sets Full Sleeve T-shirt Pant & Cap","https://m.media-amazon.com/images/I/71x41aAMf9L._AC_UL400_.jpg"
2,58,123,"B096FWDWL9",true,545,"INR",1400,855,61.07,356,3.9,"https://www.amazon.in/dp/B096FWDWL9","1388.40",false,false,false,true,"Googo Gaaga Boy's Cotton T-Shirt With Shorts","https://m.media-amazon.com/images/I/41UFWUHAMYS._AC_UL400_.jpg"
2,59,124,"B07NMTLP7Y",true,659,"INR",1479,820,55.44,9365,4.1,"https://www.amazon.in/dp/B07NMTLP7Y","38396.50",false,false,false,true,"Sponsored Ad - Hopscotch Boys Cotton and Spandex Formal Set","https://m.media-amazon.com/images/I/511wuGpCVjL._AC_UL400_.jpg"
2,60,125,"B0BGDSFRSH",true,499,"INR",1299,800,61.59,18,4.3,"https://www.amazon.in/dp/B0BGDSFRSH","77.40",false,false,false,true,"Sponsored Ad - SATPURUSH Boys Cotton Blazer Style Formal Shirt and Pant Set with Bow Tie (pack of 1)","https://m.media-amazon.com/images/I/41gqwV2g5KL._AC_UL400_.jpg"
3,9,126,"B0927NYZVH",true,739,"INR",1239,500,40.36,1626,4,"https://www.amazon.in/dp/B0927NYZVH","6504.00",false,false,false,true,"Hopscotch Boys Short set","https://m.media-amazon.com/images/I/51VWPcMGchL._AC_UL400_.jpg"
3,11,128,"B07D13KN15",true,664,"INR",1499,835,55.7,3950,4,"https://www.amazon.in/dp/B07D13KN15","15800.00",false,false,false,true,"Luke and Lilly Boy's Cotton Shirt And Shorts","https://m.media-amazon.com/images/I/71O7BPUoNIL._AC_UL400_.jpg"
3,12,129,"B0BRVDWZXQ",true,433,"INR",999,566,56.66,9,3.2,"https://www.amazon.in/dp/B0BRVDWZXQ","28.80",false,false,false,false,"LP Fashion Store Baby Boys Wedding, Festive & Party Shirt Pant & Waistcoat Set","https://m.media-amazon.com/images/I/519JAw-yPqL._AC_UL400_.jpg"
3,13,130,"B0B727FRVN",true,459,"INR",999,540,54.05,2,3.5,"https://www.amazon.in/dp/B0B727FRVN","7.00",false,false,false,true,"Baby Boy and Baby Girl's Half Sleeves Soft Cotton Vests,Jhabla T-Shirt with Shorts Pants Dress for Kids Infant Toddler Sum...","https://m.media-amazon.com/images/I/81aiuZrY4NL._AC_UL400_.jpg"
3,14,131,"B0B4F954JN",true,499,"INR",1299,800,61.59,2,3,"https://www.amazon.in/dp/B0B4F954JN","6.00",false,false,false,true,"Bold N Elegant Jurassic Joy Dinosaur Fun Kids Sleeveless T-shirt & Shorts Summer Clothing Set for Little Boys & Girls","https://m.media-amazon.com/images/I/61kB26NFWKL._AC_UL400_.jpg"
3,15,132,"B0BBLRJ5BC",true,399,"INR",749,350,46.73,346,4.1,"https://www.amazon.in/dp/B0BBLRJ5BC","1418.60",false,false,false,false,"ARIEL Cotton Clothing Sets for Boys & girls - Unisex Clothing sets Full Sleeve T-shirt Pant & Cap","https://m.media-amazon.com/images/I/81LKkBjwohL._AC_UL400_.jpg"
3,16,133,"B08JV8GB2V",true,569,"INR",1999,1430,71.54,4302,3.9,"https://www.amazon.in/dp/B08JV8GB2V","16777.80",false,false,true,true,"Bold N Elegant Cute Cartoon Print Half Sleeve T-shirt and Shorts Clothing Set for Infant Toddler Baby Boy Girl","https://m.media-amazon.com/images/I/512Fau61yGL._AC_UL400_.jpg"
3,17,134,"B0BPNZ99YR",true,389,"INR",1999,1610,80.54,100,3.5,"https://www.amazon.in/dp/B0BPNZ99YR","350.00",false,false,false,false,"DHRUVI TRENDZ Designer Slub Rayon Fully Stitched Anarklai Kurti/Kurta for Women & Girls on Jeans Palazzo or Skirt (Plus Si...","https://m.media-amazon.com/images/I/71Tro4nTz2L._AC_UL400_.jpg"
3,18,135,"B0927KCRQD",true,749,"INR",1239,490,39.55,1626,4,"https://www.amazon.in/dp/B0927KCRQD","6504.00",false,false,false,true,"Hopscotch Boys Short set","https://m.media-amazon.com/images/I/51VWPcMGchL._AC_UL400_.jpg"
3,19,136,"B07G38KFXZ",true,649,"INR",1479,830,56.12,4350,4.1,"https://www.amazon.in/dp/B07G38KFXZ","17835.00",false,false,false,true,"Hopscotch Boys Cotton and Spandex Formal Set","https://m.media-amazon.com/images/I/51-ISImNTEL._AC_UL400_.jpg"
3,20,137,"B0BL42Z3B6",true,699,"INR",1999,1300,65.03,28,3.9,"https://www.amazon.in/dp/B0BL42Z3B6","109.20",false,false,false,true,"Bold N Elegant Winter Warm Fleece Kid's Cartoon Thick Sweatshirt Tshirt and Pyjama Pant Clothing Set for Infant Toddler Bo...","https://m.media-amazon.com/images/I/7154DVBypbL._AC_UL400_.jpg"
3,21,138,"B0BSQR79FD",true,799,"INR",1099,300,27.3,1,5,"https://www.amazon.in/dp/B0BSQR79FD","5.00",false,false,false,false,"Sponsored Ad - Little Baby Boys Wedding, Festive & Party Dress Casual Waistcoat and Pyjama Set(Maroon and White)","https://m.media-amazon.com/images/I/41UWRPJftfL._AC_UL400_.jpg"
3,22,139,"B0978WLM5F",true,509,"INR",1899,1390,73.2,60,4.3,"https://www.amazon.in/dp/B0978WLM5F","258.00",false,false,false,true,"Sponsored Ad - Kuchipoo Boys Sleeveless Cotton T-Shirt and Short Set - Combo of 2 (KUC-NSUT-105)","https://m.media-amazon.com/images/I/61xH1aELeES._AC_UL400_.jpg"
3,23,140,"B07J9WGZPX",true,949,"INR",2999,2050,68.36,963,4,"https://www.amazon.in/dp/B07J9WGZPX","3852.00",false,false,false,true,"Sponsored Ad - AJ DEZINES® Kids Festive Sherwani for Boys","https://m.media-amazon.com/images/I/81E0ILKV4kL._AC_UL400_.jpg"
3,24,141,"B07C97884R",true,556,"INR",2999,2443,81.46,27056,4,"https://www.amazon.in/dp/B07C97884R","108224.00",false,false,true,true,"Sponsored Ad - minicult Cotton Pajama Pants with All Over Print for Boys and Girls (Multicolor Designs)(Regular Fit)(Pack ...","https://m.media-amazon.com/images/I/71G6UQ0ZUeL._AC_UL400_.jpg"
3,25,142,"B09XLBP9FH",true,559,"INR",1999,1440,72.04,98,3.9,"https://www.amazon.in/dp/B09XLBP9FH","382.20",false,false,false,true,"Bold N Elegant Full Sleeve Cotton Fun Cute Cartoon Jungle Animal Tshirt & Pajama PJ Pant Clothing Set for Infant Toddler B...","https://m.media-amazon.com/images/I/51Nma4M8rLL._AC_UL400_.jpg"
3,26,143,"B0B7K4433R",true,599,"INR",1400,801,57.21,39,4.1,"https://www.amazon.in/dp/B0B7K4433R","159.90",false,false,false,true,"Googogaaga Boy's Cotton Printed Tie & Die T-shirt With Shorts in Blue Color Set for Boys","https://m.media-amazon.com/images/I/61Oz+kn6GxL._AC_UL400_.jpg"
3,28,145,"B0BSS1HPGH",true,399,"INR",699,300,42.92,3,2.5,"https://www.amazon.in/dp/B0BSS1HPGH","7.50",false,false,false,false,"All Kid's Choice Printed Boy's Cotton Sleeveless Hooded T-Shirt and Shorts Combo Set","https://m.media-amazon.com/images/I/3102fOMk3yL._AC_UL400_.jpg"
3,29,146,"B07B4TW8LT",true,424,"INR",1299,875,67.36,2874,4.2,"https://www.amazon.in/dp/B07B4TW8LT","12070.80",false,false,false,false,"Kuchipoo Unisex Cotton Animal Print Pajama Bottom (Pack of 5)","https://m.media-amazon.com/images/I/7161J3ayGnL._AC_UL400_.jpg"
3,30,147,"B0BBP7H1TZ",true,599,"INR",2199,1600,72.76,87,4,"https://www.amazon.in/dp/B0BBP7H1TZ","348.00",false,false,false,true,"Arshia Fashions Suit Set for Girls |Kurta Pajama","https://m.media-amazon.com/images/I/71-kcVB8sVL._AC_UL400_.jpg"
3,31,148,"B0B9JZJL7N",true,599,"INR",1099,500,45.5,7,3.4,"https://www.amazon.in/dp/B0B9JZJL7N","23.80",false,false,false,false,"Children Kids Outfits Clothes Girls Teen T-Shirt Tops + Ruffle pleated palazzo Sets for 6-16 Years Old","https://m.media-amazon.com/images/I/41ILzq9NPAL._AC_UL400_.jpg"
3,32,149,"B096ZPFD6L",true,545,"INR",1400,855,61.07,268,3.8,"https://www.amazon.in/dp/B096ZPFD6L","1018.40",false,false,false,true,"Googogaaga Boy's Cotton Pocket Detailed T-Shirt With Shorts in White Color","https://m.media-amazon.com/images/I/51KKESbET1L._AC_UL400_.jpg"
3,33,150,"B0BD8XJZ72",true,522,"INR",999,477,47.75,62,3.8,"https://www.amazon.in/dp/B0BD8XJZ72","235.60",false,false,false,true,"BUMZEE Girls Full Sleeves T-Shirt & Pyjama Set","https://m.media-amazon.com/images/I/51G0kIvqEyL._AC_UL400_.jpg"
3,35,152,"B09XLBTRL5",true,559,"INR",1999,1440,72.04,98,3.9,"https://www.amazon.in/dp/B09XLBTRL5","382.20",false,false,false,true,"Bold N Elegant Full Sleeve Cotton Fun Cute Cartoon Jungle Animal Tshirt & Pajama PJ Pant Clothing Set for Infant Toddler B...","https://m.media-amazon.com/images/I/51Nma4M8rLL._AC_UL400_.jpg"
3,36,153,"B091SHMX5C",true,325.5,"INR",699,373.5,53.43,315,4,"https://www.amazon.in/dp/B091SHMX5C","1260.00",false,false,false,false,"Infantbond Baby Boy's and Girl's Sleeveless T-Shirt and Short 100% Cotton Clothing Set (6-9 Months, Giraffe Set)","https://m.media-amazon.com/images/I/41XCrQu28aL._AC_UL400_.jpg"
3,37,154,"B096DYKYKH",true,545,"INR",1400,855,61.07,458,3.9,"https://www.amazon.in/dp/B096DYKYKH","1786.20",false,false,false,true,"Googo Gaaga Boy's T-Shirt","https://m.media-amazon.com/images/I/514ftDnqfvL._AC_UL400_.jpg"
3,38,155,"B096WGNC8S",true,439,"INR",1399,960,68.62,478,3.4,"https://www.amazon.in/dp/B096WGNC8S","1625.20",false,false,false,true,"Jimmy Jammy Baby Boy & Girl Dress Soft Hosiery Cotton Blend T-shirt and Shorts Pack 4 T-shirt + 4 Shorts Multi colored","https://m.media-amazon.com/images/I/41ncNXx17rS._AC_UL400_.jpg"
3,39,156,"B08JV6457V",true,569,"INR",1999,1430,71.54,4302,3.9,"https://www.amazon.in/dp/B08JV6457V","16777.80",false,false,true,true,"Bold N Elegant Cute Cartoon Print Half Sleeve T-shirt and Shorts Clothing Set for Infant Toddler Baby Boy Girl","https://m.media-amazon.com/images/I/512Fau61yGL._AC_UL400_.jpg"
3,41,158,"B09Z2XHLXD",true,499,"INR",1399,900,64.33,18,3.7,"https://www.amazon.in/dp/B09Z2XHLXD","66.60",false,false,false,true,"Jimmy Jammy Baby Boy & Girl Unisex Summer Dress 100% Pure Cotton T-shirt and Shorts - Pack of 5 T-shirt + 5 Shorts Multi c...","https://m.media-amazon.com/images/I/71PUUWU8DDL._AC_UL400_.jpg"
3,43,160,"B0BJMSBBQX",true,659,"INR",2499,1840,73.63,23,3.9,"https://www.amazon.in/dp/B0BJMSBBQX","89.70",false,false,false,true,"Bold N Elegant Disney Mickey Mouse Cartoon Print Kids Full Sleeve T-shirt & Jogger Pajama Pant Clothing Set for Boys & Girls","https://m.media-amazon.com/images/I/51A8zX2a8cL._AC_UL400_.jpg"
3,44,161,"B0BRW5YB1Q",true,335,"INR",899,564,62.74,8,2.6,"https://www.amazon.in/dp/B0BRW5YB1Q","20.80",false,false,false,false,"LP fashion Baby girls Top & Bottom wear set || Girls clothes || Top And Shorts","https://m.media-amazon.com/images/I/41WITURpqDL._AC_UL400_.jpg"
3,45,162,"B07MHV5X24",true,747,"INR",1259,512,40.67,263,4,"https://www.amazon.in/dp/B07MHV5X24","1052.00",false,false,false,true,"Hopscotch Boys Formal Set","https://m.media-amazon.com/images/I/51p+NkSUtkL._AC_UL400_.jpg"
3,46,163,"B09L6CP4FM",true,468,"INR",1399,931,66.55,49,3.7,"https://www.amazon.in/dp/B09L6CP4FM","181.30",false,false,false,true,"Jimmy Jammy New Born Baby Boys & Girls Clothes Dress Soft Hosiery Cotton Unisex T-shirt and Shorts Pack of 4 T-shirt + 4 S...","https://m.media-amazon.com/images/I/6167VXZW5qL._AC_UL400_.jpg"
3,47,164,"B0B69MDYDT",true,375,"INR",599,224,37.4,46,4.2,"https://www.amazon.in/dp/B0B69MDYDT","193.20",false,false,false,false,"Real Basics Cotton Clothing Sets for Boys & girls - Unisex Clothing sets Full Sleeve T-shirt & Pant","https://m.media-amazon.com/images/I/71kyqpTaIaL._AC_UL400_.jpg"
3,48,165,"B0C23VLB6F",true,499,"INR",1800,1301,72.28,2,3.5,"https://www.amazon.in/dp/B0C23VLB6F","7.00",false,false,false,true,"Mars Infiniti Tripple set combo of Sleeveless and shorts","https://m.media-amazon.com/images/I/71ajOSYyrgL._AC_UL400_.jpg"
3,49,166,"B0992Q63NW",true,419,"INR",1399,980,70.05,157,3.7,"https://www.amazon.in/dp/B0992Q63NW","580.90",false,false,false,true,"Jimmy Jammy New Born Baby Boys & Girls Clothes Dress 100% Pure Cotton Unisex Half Sleeves T-shirt and Shorts Pack of 4 T-s...","https://m.media-amazon.com/images/I/61zZKabIWyS._AC_UL400_.jpg"
3,50,167,"B0BSCD8FYG",true,349,"INR",1199,850,70.89,4,4.5,"https://www.amazon.in/dp/B0BSCD8FYG","18.00",false,false,false,true,"Mars Infiniti multicolor t shirt and track pant set","https://m.media-amazon.com/images/I/717OcG7gaEL._AC_UL400_.jpg"
3,51,168,"B07MLLQNL7",true,647,"INR",1079,432,40.04,106,3.5,"https://www.amazon.in/dp/B07MLLQNL7","371.00",false,false,false,true,"Hopscotch Baby Boys Polyester Text Print Top and Pant Set in Navy Color","https://m.media-amazon.com/images/I/51hKBSE9fjL._AC_UL400_.jpg"
3,52,169,"B0BJBFYCJL",true,349,"INR",1000,651,65.1,27,2.6,"https://www.amazon.in/dp/B0BJBFYCJL","70.20",false,false,false,false,"ASK - JS - LCD & CO -Pack of 6 -Babies boys and girls tops and bottoms - Unisex - sweater dress - socks for toddler girls...","https://m.media-amazon.com/images/I/71NSYiqk7IL._AC_UL400_.jpg"
3,54,171,"B08HHRXNVD",true,552,"INR",1199,647,53.96,8366,4.3,"https://www.amazon.in/dp/B08HHRXNVD","35973.80",false,false,false,true,"Kuchipoo Unisex Regular;Relaxed Pyjama Pants pack of 5","https://m.media-amazon.com/images/I/71HtxgL0qRL._AC_UL400_.jpg"
3,55,172,"B0BYVKBPFR",true,599,"INR",1770,1171,66.16,250,4.1,"https://www.amazon.in/dp/B0BYVKBPFR","1025.00",false,false,true,true,"LuvLap Half Sleeve Girls Top & Shorts Sets, For Baby, Infants & Toddlers, Multicolour, 100% Cotton, Baby Girl Dress, Baby ...","https://m.media-amazon.com/images/I/61cfXAXRLzL._AC_UL400_.jpg"
3,56,173,"B09FSCQPR7",true,599,"INR",999,400,40.04,1865,3.9,"https://www.amazon.in/dp/B09FSCQPR7","7273.50",false,false,true,true,"Baby Story 100% Cotton Rompers/Sleepsuits/Jumpsuit/Night Suits for Baby Boys & Girls, Infants, New Borns","https://m.media-amazon.com/images/I/61kqq-i6nNL._AC_UL400_.jpg"
3,57,174,"B0BGGZ3TJ3",true,399,"INR",749,350,46.73,92,4.3,"https://www.amazon.in/dp/B0BGGZ3TJ3","395.60",false,false,false,false,"Sponsored Ad - Real Basics Cotton Clothing Sets for Boys & girls - Unisex Clothing sets Full Sleeve T-shirt Pant & Cap","https://m.media-amazon.com/images/I/71x41aAMf9L._AC_UL400_.jpg"
3,58,175,"B0B6RJBDPZ",true,849,"INR",1400,551,39.36,6,4.2,"https://www.amazon.in/dp/B0B6RJBDPZ","25.20",false,false,false,true,"Sponsored Ad - Googogaaga Boy's Cotton Full Sleeves Sweatshirt With Pant Set in Yellow Color (1Yrs)","https://m.media-amazon.com/images/I/61GYU+CmO2L._AC_UL400_.jpg"
3,59,176,"B0BGDSFRSH",true,499,"INR",1299,800,61.59,18,4.3,"https://www.amazon.in/dp/B0BGDSFRSH","77.40",false,false,false,true,"Sponsored Ad - SATPURUSH Boys Cotton Blazer Style Formal Shirt and Pant Set with Bow Tie (pack of 1)","https://m.media-amazon.com/images/I/41gqwV2g5KL._AC_UL400_.jpg"
3,60,177,"B07G37215T",true,659,"INR",1479,820,55.44,9365,4.1,"https://www.amazon.in/dp/B07G37215T","38396.50",false,false,false,true,"Sponsored Ad - Hopscotch Boys Cotton and Spandex Formal Set","https://m.media-amazon.com/images/I/511wuGpCVjL._AC_UL400_.jpg"